title,summary,production_code,original_air_date,season,number_in_season,number_in_series,n,ngram_n,tf,idf,tf_idf
Simpsons Roasting on an Open Fire,ho ho ho ho,7G08,1989-12-17,1,1,1,36,4,0.01282508015675098,4.948759890378168,0.0634682422706142
Bart the Genius,kwyjibo,7G02,1990-01-14,1,2,2,4,1,0.0014503263234227702,6.335054251498059,0.00918789594125897
Homer's Odyssey,nuclear energy,7G03,1990-01-21,1,3,3,5,2,0.0021691973969631237,4.948759890378168,0.010734837072403837
There's No Disgrace Like Home,arrrgh,7G04,1990-01-28,1,4,4,14,1,0.005100182149362477,4.948759890378168,0.025239576854387744
Bart the General,sound off,7G05,1990-02-04,1,5,5,4,2,0.0015785319652722968,6.335054251498059,0.01000008563772385
Moaning Lisa,he belongs,7G06,1990-02-11,1,6,6,4,2,0.0016799664006719867,5.641907070938114,0.009478214314889735
The Call of the Simpsons,bigfoot,7G09,1990-02-18,1,7,7,7,1,0.0031028368794326243,4.948759890378168,0.015355194695322332
The Telltale Head,jebediah,7G07,1990-02-25,1,8,8,7,1,0.002686108979278588,4.543294782270004,0.012203784910165015
Life on the Fast Lane,smooth yes,7G11,1990-03-18,1,9,9,4,2,0.0016155088852988692,6.335054251498059,0.010234336432145491
Homer's Night Out,spy camera,7G10,1990-03-25,1,10,10,11,2,0.00439297124600639,6.335054251498059,0.027829711168721506
The Crepes of Wrath,adil,7G13,1990-04-15,1,11,11,15,1,0.005549389567147614,6.335054251498059,0.035155683970577466
Krusty Gets Busted,krusty,7G12,1990-04-29,1,12,12,40,1,0.014234875444839857,1.324418957401803,0.01885293889539933
Some Enchanted Evening,ba ba ba ba ba,7G01,1990-05-13,1,13,13,23,5,0.009926629261976695,5.236441962829949,0.05198021801687045
"Bart Gets an ""F""",blah blah blah blah,7F03,1990-10-11,2,1,14,28,4,0.010455563853622106,4.137829674161839,0.043263342373611464
Simpson and Delilah,dimoxinil,7F02,1990-10-18,2,2,15,11,1,0.004273504273504274,6.335054251498059,0.027072881416658374
Treehouse of Horror,nevermore,7F04,1990-10-25,2,3,16,10,1,0.004086636697997548,6.335054251498059,0.02588906518797736
Two Cars in Every Garage and Three Eyes on Every Fish,mary bailey,7F01,1990-11-01,2,4,17,9,2,0.0032727272727272726,6.335054251498059,0.020732904823084555
Dancin' Homer,capital city,7F05,1990-11-08,2,5,18,18,2,0.006574141709276844,3.6270040503958487,0.023844438607423402
Dead Putting Society,six plus six,7F08,1990-11-15,2,6,19,5,3,0.0018477457501847746,6.335054251498059,0.011705569570395527
Bart vs. Thanksgiving,im sorry im sorry im,7F07,1990-11-22,2,7,20,8,5,0.003504161191414805,5.641907070938114,0.019770151803550115
Bart the Daredevil,gorge,7F06,1990-12-06,2,8,21,12,1,0.005568445475638051,4.137829674161839,0.023041278928047363
Itchy & Scratchy & Marge,cartoons,7F09,1990-12-20,2,9,22,16,1,0.006560065600656006,2.8385466900315786,0.018621052497132126
Bart Gets Hit by a Car,hutz,7F10,1991-01-10,2,10,23,7,1,0.0024734982332155478,3.501840907441843,0.008661797297559328
"One Fish, Two Fish, Blowfish, Blue Fish",begat,7F12,1991-01-24,2,11,24,8,1,0.002871500358937545,4.948759890378168,0.014210365801516637
The Way We Was,the prom,7F11,1991-01-31,2,12,25,14,2,0.004883153121730032,3.8501476017100584,0.018800860280411866
Homer vs. Lisa and the 8th Commandment,cable,7F13,1991-02-07,2,13,26,26,1,0.008977900552486187,3.0392173854937297,0.027285791444349783
Principal Charming,patty,7F15,1991-02-14,2,14,27,15,1,0.0059976009596161535,2.403228618773733,0.014413606270134344
"Oh Brother, Where Art Thou?",herb,7F16,1991-02-21,2,15,28,18,1,0.006054490413723511,4.389144102442746,0.02657403089269069
"Bart's Dog Gets an ""F""",quilt,7F14,1991-03-07,2,16,29,6,1,0.0026396832380114386,4.948759890378168,0.013063158531574576
Old Money,bea,7F17,1991-03-28,2,17,30,11,1,0.004062038404726735,5.641907070938114,0.022917643198049942
Brush with Greatness,splashmore,7F18,1991-04-11,2,18,31,6,1,0.0023112480739599386,6.335054251498059,0.01464188193720661
Lisa's Substitute,mr bergstrom,7F19,1991-04-25,2,19,32,18,2,0.005917159763313609,5.641907070938114,0.03338406550850955
The War of the Simpsons,general sherman,7F20,1991-05-02,2,20,33,6,2,0.0020304568527918783,6.335054251498059,0.012863054317762558
Three Men and a Comic Book,please dad please dad,7F21,1991-05-09,2,21,34,10,4,0.003575259206292456,5.641907070938114,0.020171280196417996
Blood Feud,heave ho heave ho,7F22,1991-07-11,2,22,35,4,4,0.0014109347442680777,6.335054251498059,0.008938348150261812
Stark Raving Dad,michael jackson,7F24,1991-09-19,3,1,36,22,2,0.007630939993062782,4.389144102442746,0.033493295266645996
Mr. Lisa Goes to Washington,shoe goes,8F01,1991-09-26,3,2,37,6,2,0.002352941176470588,6.335054251498059,0.014906010003524844
When Flanders Failed,touch of death,7F23,1991-10-03,3,3,38,9,3,0.0033027522935779817,6.335054251498059,0.02092311495907616
Bart the Murderer,skinner,8F03,1991-10-10,3,4,39,14,1,0.005579912315663611,1.5310332067648025,0.008543031046116874
Homer Defined,meltdown,8F04,1991-10-17,3,5,40,12,1,0.004267425320056899,4.543294782270004,0.019388171190341412
"Like Father, Like Clown",rabbi,8F05,1991-10-24,3,6,41,22,1,0.007919366450683946,4.137829674161839,0.03276898950020175
Treehouse of Horror II,happy thoughts,8F02,1991-10-31,3,7,42,8,2,0.003362757461118117,6.335054251498059,0.021303250950813146
Lisa's Pony,pony,8F06,1991-11-07,3,8,43,20,1,0.007830853563038372,3.002849741322855,0.02351487659610693
Saturdays of Thunder,nyah,8F07,1991-11-14,3,9,44,28,1,0.01064638783269962,4.948759890378168,0.05268641708387403
Flaming Moe's,flaming,8F08,1991-11-21,3,10,45,25,1,0.009527439024390244,3.6270040503958487,0.03455605993136289
Burns Verkaufen der Kraftwerk,na na,8F09,1991-12-05,3,11,46,14,2,0.0053435114503816794,4.948759890378168,0.026443755139425328
I Married Marge,kool moe dee,8F10,1991-12-26,3,12,47,4,3,0.0016240357287860333,6.335054251498059,0.010288354448230709
Radio Bart,down the well,8F11,1992-01-09,3,13,48,8,3,0.0035826242722794446,6.335054251498059,0.022696119127624037
Lisa the Greek,cincinnati,8F12,1992-01-23,3,14,49,8,1,0.002588159171789065,4.725616339063959,0.01223064727030465
Homer Alone,relaxo,8F14,1992-02-06,3,15,50,8,1,0.0037019898195279964,6.335054251498059,0.023452306345203365
Bart the Lover,zinc,8F16,1992-02-13,3,16,51,10,1,0.0037650602409638554,5.236441962829949,0.01971551943836577
Homer at the Bat,bock,8F13,1992-02-20,3,17,52,10,1,0.003427004797806717,6.335054251498059,0.02171026131424969
Separate Vocations,calm blue ocean,8F15,1992-02-27,3,18,53,4,3,0.001763668430335097,6.335054251498059,0.011172935187827264
Dog of Death,lottery,8F17,1992-03-12,3,19,54,22,1,0.009369676320272573,3.5624655292582776,0.033379148911278585
Colonel Homer,lurleen,8F19,1992-03-26,3,20,55,19,1,0.00781571369806664,5.236441962829949,0.040926531178020996
Black Widower,selma,8F20,1992-04-09,3,21,56,31,1,0.012006196746707979,2.3838105329166317,0.028620498265071875
The Otto Show,bus driver,8F21,1992-04-23,3,22,57,12,2,0.004899959167006942,4.255612709818223,0.020852328508705054
Bart's Friend Falls in Love,samantha,8F22,1992-05-07,3,23,58,10,1,0.004116920543433511,6.335054251498059,0.026080914991758165
"Brother, Can You Spare Two Dimes?",herb,8F23,1992-08-27,3,24,59,16,1,0.005862953462806889,4.389144102442746,0.02573334761417513
Kamp Krusty,kamp,8F24,1992-09-24,4,1,60,13,1,0.005478297513695744,6.335054251498059,0.03470531195510947
A Streetcar Named Marge,blanche,8F18,1992-10-01,4,2,61,12,1,0.005714285714285714,5.236441962829949,0.029922525501885424
Homer the Heretic,la la la,9F01,1992-10-08,4,3,62,9,3,0.0044598612487611496,3.076957713476577,0.0137228044704109
Lisa the Beauty Queen,little miss springfield,9F02,1992-10-15,4,4,63,15,3,0.006967022758941012,6.335054251498059,0.044136467149313
Treehouse of Horror III,homer homer homer homer,9F04,1992-10-29,4,5,64,6,4,0.003924133420536298,5.641907070938114,0.02213959609262831
Itchy & Scratchy: The Movie,scratchy movie,9F03,1992-11-03,4,6,65,8,2,0.0038424591738712775,6.335054251498059,0.024342187325640956
Marge Gets a Job,mister burns,9F05,1992-11-05,4,7,66,6,2,0.002646669607410675,5.236441962829949,0.013859131793991926
New Kid on the Block,all you can eat,9F06,1992-11-12,4,8,67,7,4,0.0030581039755351682,4.725616339063959,0.014451426113345439
Mr. Plow,plow,9F07,1992-11-19,4,9,68,44,1,0.02034211742949607,4.137829674161839,0.0841722171350536
Lisa's First Word,wooja,9F08,1992-12-03,4,10,69,7,1,0.0031890660592255125,6.335054251498059,0.020202906496804743
Homer's Triple Bypass,bed goes,9F09,1992-12-17,4,11,70,11,2,0.0046393926613243356,6.335054251498059,0.02939080420349163
Marge vs. the Monorail,monorail,9F10,1993-01-14,4,12,71,28,1,0.01195049082373026,5.236441962829949,0.06257805162579538
Selma's Choice,duff gardens,9F11,1993-01-21,4,13,72,11,2,0.0056093829678735335,6.335054251498059,0.03553574541890803
Brother from the Same Planet,pick up bart,9F12,1993-02-04,4,14,73,5,3,0.0027129679869777536,6.335054251498059,0.01718679938008155
I Love Lisa,ralph,9F13,1993-02-11,4,15,74,21,1,0.009292035398230088,2.0723743744567433,0.019256576045836995
Duffless,duff,9F14,1993-02-18,4,16,75,18,1,0.008666345690900338,2.6214821847937513,0.02271867083595933
Last Exit to Springfield,dental plan,9F15,1993-03-11,4,17,76,19,2,0.009373458312777503,5.641907070938114,0.052884180734003035
So It's Come to This: A Simpsons Clip Show,april fools,9F17,1993-04-01,4,18,77,9,2,0.006211180124223602,5.236441962829949,0.032524484241179805
The Front,he he he he,9F16,1993-04-15,4,19,78,9,4,0.004283674440742504,6.335054251498059,0.027137309977859368
Whacking Day,whacking day,9F18,1993-04-29,4,20,79,16,2,0.0073937153419593345,6.335054251498059,0.046839587811445905
Marge in Chains,around and around and,9F20,1993-05-06,4,21,80,4,4,0.001937984496124031,5.641907070938114,0.010933928432050608
Krusty Gets Kancelled,gabbo,9F19,1993-05-13,4,22,81,18,1,0.008237986270022883,4.948759890378168,0.040767816030575305
Homer's Barbershop Quartet,be sharps,9F21,1993-09-30,5,1,82,10,2,0.004889975550122249,6.335054251498059,0.030978260398523517
Cape Feare,sideshow bob,9F22,1993-10-07,5,2,83,10,2,0.006031363088057901,3.339321977944068,0.02014066331691235
Homer Goes to College,curly straight,1F02,1993-10-14,5,3,84,6,2,0.00234375,6.335054251498059,0.014847783401948575
Rosebud,bobo,1F01,1993-10-21,5,4,85,14,1,0.00631768953068592,4.725616339063959,0.029854976871342698
Treehouse of Horror IV,lu lu,1F04,1993-10-28,5,5,86,14,2,0.0067178502879078695,5.641907070938114,0.03790148704085105
Marge on the Lam,ballet,1F03,1993-11-04,5,6,87,9,1,0.0035335689045936395,3.9371589786996886,0.013912222539574871
Bart's Inner Child,brad goodman,1F05,1993-11-11,5,7,88,8,2,0.003289473684210526,6.335054251498059,0.02083899424834888
Boy-Scoutz 'n the Hood,do do,1F06,1993-11-18,5,8,89,10,2,0.004719207173194903,3.501840907441843,0.016525912729786894
The Last Temptation of Homer,mindy,1F07,1993-12-09,5,9,90,15,1,0.006538796861377506,4.948759890378168,0.03235893563891566
"$pringfield (or, How I Learned to Stop Worrying and Love Legalized Gambling)",casino,1F08,1993-12-16,5,10,91,20,1,0.007665772326561901,3.770104894036522,0.02890076576494076
Homer the Vigilante,burglar,1F09,1994-01-06,5,11,92,18,1,0.007623888182973317,4.255612709818223,0.03244431544969421
Bart Gets Famous,i didnt do it,1F11,1994-02-03,5,12,93,16,4,0.006941431670281995,3.770104894036522,0.02616992551175026
Homer and Apu,mart,1F10,1994-02-10,5,13,94,25,1,0.00971628449280995,2.528391761727739,0.02456657366622366
Lisa vs. Malibu Stacy,stacy,1F12,1994-02-17,5,14,95,34,1,0.012597258243793997,3.5624655292582776,0.044877298256680784
Deep Space Homer,worker of the week,1F13,1994-02-24,5,15,96,4,4,0.0017204301075268817,6.335054251498059,0.010899018067093435
Homer Loves Flanders,ned,1F14,1994-03-17,5,16,97,26,1,0.010851419031719533,1.7199337346567993,0.018663721661551246
Bart Gets an Elephant,stampy,1F15,1994-03-31,5,17,98,22,1,0.009094667217858619,5.236441962829949,0.04762369705756878
Burns' Heir,heir,1F16,1994-04-14,5,18,99,4,1,0.0017064846416382253,5.236441962829949,0.00893590778639923
Sweet Seymour Skinner's Baadasssss Song,skinner,1F18,1994-04-28,5,19,100,14,1,0.005638340716874748,1.5310332067648025,0.008632486868589301
The Boy Who Knew Too Much,meow meow meow,1F19,1994-05-05,5,20,101,14,3,0.006084311169056932,6.335054251498059,0.038544441338971246
Lady Bouvier's Lover,i love ya,1F21,1994-05-12,5,21,102,9,3,0.0037942664418212477,4.948759890378168,0.018776913580692882
Secrets of a Successful Marriage,can teach a class,1F20,1994-05-19,5,22,103,4,4,0.0015100037750094375,6.335054251498059,0.009565955834651656
Bart of Darkness,pool,1F22,1994-09-04,6,1,104,17,1,0.008669046404895462,2.3460702049337847,0.02033819147571359
Lisa's Rival,allison,1F17,1994-09-11,6,2,105,14,1,0.005313092979127135,6.335054251498059,0.033658732266023846
Another Simpsons Clip Show,unsexy,2F33,1994-09-25,6,3,106,4,1,0.001776988005330964,5.641907070938114,0.010025601192248981
Itchy & Scratchy Land,scratchy land,2F01,1994-10-02,6,4,107,12,2,0.005862237420615535,5.641907070938114,0.033074198754888796
Sideshow Bob Roberts,bob,2F02,1994-10-09,6,5,108,29,1,0.011712439418416801,2.2079198664529676,0.025860127676549296
Treehouse of Horror V,gimme the bat,2F03,1994-10-30,6,6,109,5,3,0.002535496957403651,6.335054251498059,0.016062510779660394
Bart's Girlfriend,jessica,2F04,1994-11-06,6,7,110,18,1,0.007481296758104738,5.236441962829949,0.03917537628052331
Lisa on Ice,fight fight fight fight fight,2F05,1994-11-13,6,8,111,9,5,0.004072398190045249,5.641907070938114,0.022976092144091867
Homer Badman,gummy,2F06,1994-11-27,6,9,112,12,1,0.004739336492890996,4.137829674161839,0.019610567176122463
Grampa vs. Sexual Inadequacy,tonic,2F07,1994-12-04,6,10,113,7,1,0.002892561983471074,4.389144102442746,0.012695871370702156
Fear of Flying,let me off let me,2F08,1994-12-18,6,11,114,12,5,0.0050041701417848205,6.335054251498059,0.031701689331933576
Homer the Great,stonecutters,2F09,1995-01-08,6,12,115,16,1,0.006864006864006864,6.335054251498059,0.043483855866138545
And Maggie Makes Three,knightboat,2F10,1995-01-22,6,13,116,5,1,0.0022232103156958646,6.335054251498059,0.014084157962423429
Bart's Comet,comet,2F11,1995-02-05,6,14,117,17,1,0.00728363324764353,4.948759890378168,0.036044952072163176
Homie the Clown,krusty,2F12,1995-02-12,6,15,118,46,1,0.01921470342522974,1.324418957401803,0.025448317477227627
Bart vs. Australia,australia,2F13,1995-02-19,6,16,119,13,1,0.005941499085923218,4.948759890378168,0.02940305236513537
Homer vs. Patty and Selma,sallright,2F14,1995-02-26,6,17,120,6,1,0.0020611473720371005,6.335054251498059,0.013057480422187686
A Star Is Burns,festival,2F31,1995-03-05,6,18,121,13,1,0.0054621848739495795,3.002849741322855,0.016402120435797106
Lisa's Wedding,hugh,2F15,1995-03-19,6,19,122,15,1,0.00581170089112747,4.137829674161839,0.02404782840466005
Two Dozen and One Greyhounds,puppies,2F18,1995-04-09,6,20,123,12,1,0.005432322317790856,3.9371589786996886,0.021387916588680972
The PTA Disbands,teachers,2F19,1995-04-16,6,21,124,15,1,0.005900865460267506,2.403228618773733,0.014181128749648308
'Round Springfield,dee dee dee dee,2F32,1995-04-30,6,22,125,10,4,0.004374453193350831,5.641907070938114,0.024680258403053868
The Springfield Connection,cop,2F21,1995-05-07,6,23,126,10,1,0.003977724741447892,2.7797061900086453,0.011056906085953243
Lemon of Troy,a part of us all,2F22,1995-05-14,6,24,127,6,5,0.0026513477684489617,6.335054251498059,0.016796431952712486
Who Shot Mr. Burns? (Part One),oil,2F16,1995-05-21,6,25,128,14,1,0.005555555555555556,2.327721066265588,0.01293178370147549
Who Shot Mr. Burns? (Part Two),burns,2F20,1995-09-17,7,1,129,33,1,0.01166902404526167,1.0880301793375726,0.0126962503246605
Radioactive Man,fallout boy,2F17,1995-09-24,7,2,130,18,2,0.007275666936135812,4.948759890378168,0.036005528709299524
Home Sweet Homediddly-Dum-Doodily,lice,3F01,1995-10-01,7,3,131,6,1,0.00251994960100798,4.543294782270004,0.011448873873842934
Bart Sells His Soul,soul,3F02,1995-10-08,7,4,132,40,1,0.016353229762878167,1.8241947449812088,0.029831475796912654
Lisa the Vegetarian,you dont win friends with,3F03,1995-10-15,7,5,133,9,5,0.003998223011994669,6.335054251498059,0.0253289596905742
Treehouse of Horror VI,crap crap crap,3F04,1995-10-29,7,6,134,6,3,0.0030659172202350538,6.335054251498059,0.01942275192079119
King-Size Homer,hi ya ya,3F05,1995-11-05,7,7,135,7,3,0.0029723991507431,6.335054251498059,0.018830309877064296
Mother Simpson,yoy,3F06,1995-11-19,7,8,136,4,1,0.0014738393515106854,6.335054251498059,0.00933685224981291
Sideshow Bob's Last Gleaming,bob,3F08,1995-11-26,7,9,137,16,1,0.006799830004249894,2.2079198664529676,0.015013479754886308
The Simpsons 138th Episode Spectacular,shake shake,3F31,1995-12-03,7,10,138,9,2,0.004105839416058394,6.335054251498059,0.02601071544866904
Marge Be Not Proud,bonestorm,3F07,1995-12-17,7,11,139,8,1,0.0032388663967611335,6.335054251498059,0.02051839433683582
Team Homer,down with homework,3F10,1996-01-07,7,12,140,8,3,0.0031834460803820135,6.335054251498059,0.020167303625938906
Two Bad Neighbors,bush,3F09,1996-01-14,7,13,141,21,1,0.008045977011494253,3.1570004211501135,0.025401152813851486
Scenes from the Class Struggle in Springfield,mom mom mom,3F11,1996-02-04,7,14,142,4,3,0.0015343306482546988,5.236441962829949,0.008034433391376983
Bart the Fink,krusty,3F12,1996-02-11,7,15,143,35,1,0.013054830287206266,1.324418957401803,0.017290064718039202
Lisa the Iconoclast,jebediah,3F13,1996-02-18,7,16,144,31,1,0.012152097216777734,4.543294782270004,0.05521055987862411
Homer the Smithers,mr burns,3F14,1996-02-25,7,17,145,26,2,0.009863429438543247,1.3862943611198906,0.013673616611956431
The Day the Violence Died,myers,3F16,1996-03-17,7,18,146,17,1,0.00661993769470405,5.236441962829949,0.03466491953586804
A Fish Called Selma,dr zaius,3F15,1996-03-24,7,19,147,20,2,0.007541478129713424,6.335054251498059,0.04777567308822066
Bart on the Road,grammar rodeo,3F17,1996-03-31,7,20,148,9,2,0.0034078000757288905,5.641907070938114,0.019226491343598266
22 Short Films About Springfield,steamed,3F18,1996-04-14,7,21,149,8,1,0.003389830508474576,4.137829674161839,0.014026541268345218
"Raging Abe Simpson and His Grumbling Grandson in ""The Curse of the Flying Hellfish""",hellfish,3F19,1996-04-28,7,22,150,8,1,0.0033222591362126247,6.335054251498059,0.021046691865442058
Much Apu About Nothing,24,3F20,1996-05-05,7,23,151,14,1,0.005376344086021506,4.389144102442746,0.023597548937864227
Homerpalooza,hullabalooza,3F21,1996-05-19,7,24,152,5,1,0.002074688796680498,6.335054251498059,0.013143266081946181
Summer of 4 Ft. 2,like you know whatever,3F22,1996-05-19,7,25,153,3,4,0.0014381591562799617,6.335054251498059,0.009110816277322234
Treehouse of Horror VII,hugo,4F02,1996-10-27,8,1,154,9,1,0.004293893129770993,6.335054251498059,0.027202045927234034
You Only Move Twice,scorpio,3F23,1996-11-03,8,2,155,7,1,0.002685078634445723,6.335054251498059,0.01701011881875198
The Homer They Fall,tatum,4F03,1996-11-10,8,3,156,12,1,0.004557538928978352,3.8501476017100584,0.017547197577106228
"Burns, Baby Burns",larry,4F05,1996-11-17,8,4,157,22,1,0.007760141093474427,2.901067047012913,0.022512689606449414
Bart After Dark,burlesque house,4F06,1996-11-24,8,5,158,10,2,0.0040436716538617065,6.335054251498059,0.025616879302458793
A Milhouse Divided,luann,4F04,1996-12-01,8,6,159,11,1,0.004227517294388932,3.6959969218828004,0.015624890907267796
Lisa's Date with Density,nelson,4F01,1996-12-15,8,7,160,18,1,0.0066815144766146995,1.8241947449812088,0.012188383596756407
Hurricane Neddy,ned,4F07,1996-12-29,8,8,161,18,1,0.00706436420722135,1.7199337346567993,0.012150238313902037
El Viaje Misterioso de Nuestro Jomer (The Mysterious Voyage of Homer),soul mate,3F24,1997-01-05,8,9,162,16,2,0.007633587786259542,4.543294782270004,0.034681639559313006
The Springfield Files,alien,3G01,1997-01-12,8,10,163,14,1,0.006129597197898424,3.6959969218828004,0.022654972375814014
The Twisted World of Marge Simpson,pretzel,4F08,1997-01-19,8,11,164,13,1,0.005387484459179445,4.255612709818223,0.0229270473384322
Mountain of Madness,cabin,4F10,1997-02-02,8,12,165,13,1,0.005691768826619965,4.137829674161839,0.023551569949257403
Simpsoncalifragilisticexpiala(Annoyed Grunt)cious,bobbins,3G03,1997-02-07,8,13,166,15,1,0.0068775790921595595,6.335054251498059,0.04356983666779958
The Itchy & Scratchy & Poochie Show,poochie,4F12,1997-02-09,8,14,167,31,1,0.011434894872740686,4.032469158504013,0.046110860905062494
Homer's Phobia,deer,4F11,1997-02-16,8,15,168,9,1,0.003387278885961611,3.6270040503958487,0.012285674239203102
Brother from Another Series,cecil,4F14,1997-02-23,8,16,169,13,1,0.005044625533566162,4.725616339063959,0.023838964845879496
"My Sister, My Sitter",babysitter,4F13,1997-03-02,8,17,170,9,1,0.003515625,3.9371589786996886,0.013841574534491093
Homer vs. the Eighteenth Amendment,prohibition,4F15,1997-03-16,8,18,171,14,1,0.005588822355289421,5.641907070938114,0.03153161636452439
Grade School Confidential,edna,4F09,1997-04-06,8,19,172,16,1,0.006081337894336754,2.5064128550089637,0.015242343474018783
The Canine Mutiny,laddie,4F16,1997-04-13,8,20,173,14,1,0.005894736842105263,4.948759890378168,0.029171637248544994
The Old Man and the Lisa,recycling,4F17,1997-04-20,8,21,174,12,1,0.004475941812756434,4.725616339063959,0.02115158376306136
In Marge We Trust,mr sparkle,4F18,1997-04-27,8,22,175,7,2,0.003043478260869565,5.641907070938114,0.017171021520246434
Homer's Enemy,its him its him,4F19,1997-05-04,8,23,176,10,4,0.004046944556859571,6.335054251498059,0.025637613320510153
The Simpsons Spin-Off Showcase,big daddy,4F20,1997-05-11,8,24,177,6,2,0.002529510961214165,5.641907070938114,0.014271265778089664
The Secret War of Lisa Simpson,military school,4F21,1997-05-18,8,25,178,6,2,0.002506265664160401,6.335054251498059,0.015877328951122954
The City of New York vs. Homer Simpson,new york,4F22,1997-09-21,9,1,179,12,2,0.006482982171799027,2.6214821847937513,0.016995022267706654
The Principal and the Pauper,armin,4F23,1997-09-28,9,2,180,11,1,0.004027828634199927,6.335054251498059,0.025516512913393866
Lisa's Sax,air conditioner,3G02,1997-10-19,9,3,181,7,2,0.003015941404566997,3.9371589786996886,0.011874240780223103
Treehouse of Horror VIII,witch,5F02,1997-10-26,9,4,182,11,1,0.0054428500742206825,3.1570004211501135,0.017183079976571623
The Cartridge Family,gun,5F01,1997-11-02,9,5,183,26,1,0.011348756001745963,1.802454758344803,0.02045561925664115
Bart Star,youre cut,5F03,1997-11-09,9,6,184,7,2,0.0029914529914529917,6.335054251498059,0.018951016991660862
The Two Mrs. Nahasapeemapetilons,i got zero,5F04,1997-11-16,9,7,185,5,3,0.0019880715705765406,6.335054251498059,0.012594541255463337
Lisa the Skeptic,angel,5F05,1997-11-23,9,8,186,37,1,0.013800820589332338,2.528391761727739,0.034893881083150446
Realty Bites,that house,5F06,1997-12-07,9,9,187,6,2,0.0024906600249066002,4.389144102442746,0.010931865759508707
Miracle on Evergreen Terrace,washcloth,5F07,1997-12-21,9,10,188,6,1,0.002857142857142857,5.236441962829949,0.014961262750942712
"All Singing, All Dancing",gonna paint,5F24,1998-01-04,9,11,189,6,2,0.0079155672823219,4.948759890378168,0.03917224187634434
Bart Carny,ding ding,5F08,1998-01-11,9,12,190,16,2,0.00641025641025641,4.137829674161839,0.026524549193345123
The Joy of Sect,na na,5F23,1998-02-08,9,13,191,42,2,0.015328467153284672,4.948759890378168,0.07585690342915441
Das Bus,internet,5F11,1998-02-15,9,14,192,11,1,0.0048500881834215165,2.3647623379459373,0.011469305871871829
The Last Temptation of Krust,canyonero,5F10,1998-02-22,9,15,193,17,1,0.0066823899371069185,5.641907070938114,0.03770142303692922
Dumbbell Indemnity,renee,5F12,1998-03-01,9,16,194,8,1,0.0031189083820662767,6.335054251498059,0.0197584538058419
Lisa the Simpson,ha ha,4F24,1998-03-08,9,17,195,15,2,0.006082725060827251,1.7199337346567993,0.01046188403075912
This Little Wiggy,ralph,5F13,1998-03-22,9,18,196,35,1,0.015432098765432098,2.0723743744567433,0.031981086025567027
Simpson Tide,earring,3G04,1998-03-29,9,19,197,9,1,0.003968253968253968,4.725616339063959,0.01875244578993634
The Trouble with Trillions,trillion,5F14,1998-04-05,9,20,198,10,1,0.003933910306845004,5.641907070938114,0.022194756376625154
Girly Edition,mojo,5F15,1998-04-19,9,21,199,8,1,0.0032193158953722333,5.236441962829949,0.016857760846132632
Trash of the Titans,patterson,5F09,1998-04-26,9,22,200,10,1,0.003892565200467108,4.948759890378168,0.01926337053475348
King of the Hill,power sauce,5F16,1998-05-03,9,23,201,15,2,0.007177033492822967,6.335054251498059,0.0454668965418521
Lost Our Lisa,do do do,5F17,1998-05-10,9,24,202,21,3,0.009877704609595485,3.9371589786996886,0.038890093392612166
Natural Born Kissers,cha,5F18,1998-05-17,9,25,203,6,1,0.0027124773960217,4.032469158504013,0.010937981442596782
Lard of the Dance,grease,5F20,1998-08-23,10,1,204,24,1,0.009371339320577899,3.3906152723316185,0.03177460622255324
The Wizard of Evergreen Terrace,edison,5F21,1998-09-20,10,2,205,24,1,0.009630818619582664,4.948759890378168,0.047660608896097925
Bart the Mother,lizards,5F22,1998-09-27,10,3,206,9,1,0.0036930652441526466,4.948759890378168,0.018276093152812277
Treehouse of Horror IX,this little piggy went,AABF01,1998-10-25,10,4,207,4,4,0.0022172949002217295,6.335054251498059,0.014046683484474633
When You Dish Upon a Star,alec,5F19,1998-11-08,10,5,208,11,1,0.003966822935448972,4.948759890378168,0.019630854235182058
D'oh-in' in the Wind,hippie,AABF02,1998-11-15,10,6,209,13,1,0.005548442168160478,3.2905318137746358,0.018257325471220772
"Lisa Gets an ""A""",pinchy,AABF03,1998-11-22,10,7,210,12,1,0.004545454545454545,6.335054251498059,0.028795701143172994
"Homer Simpson in: ""Kidney Trouble""",kidney,AABF04,1998-12-06,10,8,211,10,1,0.004125412541254125,3.6270040503958487,0.014962887996682543
Mayored to the Mob,mayor,AABF05,1998-12-20,10,9,212,23,1,0.008935508935508936,2.3838105329166317,0.021300560317436882
Viva Ned Flanders,okay okay okay,AABF06,1999-01-10,10,10,213,6,3,0.0024154589371980675,4.389144102442746,0.010601797348895521
Wild Barts Can't Be Broken,curfew,AABF07,1999-01-17,10,11,214,10,1,0.004206983592763988,6.335054251498059,0.026651469295322083
"Sunday, Cruddy Sunday",super bowl,AABF08,1999-01-31,10,12,215,13,2,0.0050920485703094395,3.339321977944068,0.01700398970359298
Homer to the Max,max power,AABF09,1999-02-07,10,13,216,12,2,0.004552352048558422,6.335054251498059,0.028839397199535932
I'm with Cupid,manjula,AABF11,1999-02-14,10,14,217,9,1,0.0035828025477707007,3.9371589786996886,0.014106063219863534
"Marge Simpson in: ""Screaming Yellow Honkers""",nbc,AABF10,1999-02-21,10,15,218,5,1,0.0022431583669807087,4.543294782270004,0.010191329704508756
Make Room for Lisa,hippie lady,AABF12,1999-02-28,10,16,219,4,2,0.0014903129657228018,6.335054251498059,0.009441213489564917
Maximum Homerdrive,trucker,AABF13,1999-03-28,10,17,220,6,1,0.0024330900243309003,5.641907070938114,0.013727267812501494
Simpsons Bible Stories,goliath,AABF14,1999-04-04,10,18,221,14,1,0.007261410788381743,4.543294782270004,0.03299072974677389
Mom and Pop Art,art,AABF15,1999-04-11,10,19,222,20,1,0.008206811653672548,1.9530276168241774,0.016028129805696983
"The Old Man and the ""C"" Student",springs,AABF16,1999-04-25,10,20,223,10,1,0.004374453193350831,4.725616339063959,0.0206719874849692
Monty Can't Buy Me Love,arthur fortune,AABF17,1999-05-02,10,21,224,8,2,0.0032520325203252032,6.335054251498059,0.020601802443896127
They Saved Lisa's Brain,gazebo,AABF18,1999-05-09,10,22,225,6,1,0.0021929824561403508,5.641907070938114,0.012372603225741477
Thirty Minutes over Tokyo,plum met,AABF20,1999-05-16,10,23,226,8,2,0.0034662045060658577,6.335054251498059,0.02195859359271424
Beyond Blunderdome,mel,AABF23,1999-09-26,11,1,227,30,1,0.010960906101571063,2.5508646175797978,0.027959787551112142
Brother's Little Helper,focusyn,AABF22,1999-10-03,11,2,228,5,1,0.0018477457501847746,6.335054251498059,0.011705569570395527
Guess Who's Coming to Criticize Dinner?,critic,AABF21,1999-10-24,11,3,229,12,1,0.004819277108433735,4.032469158504013,0.01943358630604344
Treehouse of Horror X,xena,BABF01,1999-10-31,11,4,230,7,1,0.003355704697986577,5.641907070938114,0.018932574063550717
E-I-E-I-(Annoyed Grunt),glove slap,AABF19,1999-11-07,11,5,231,16,2,0.00626713670191931,6.335054251498059,0.03970265100821345
"Hello Gutter, Hello Fadder",perfect game,BABF02,1999-11-14,11,6,232,6,2,0.0027688047992616522,6.335054251498059,0.017540528615130762
Eight Misbehavin',babies,BABF03,1999-11-21,11,7,233,18,1,0.007371007371007371,2.017566137961748,0.014871494874410921
"Take My Wife, Sleaze",oink,BABF05,1999-11-28,11,8,234,9,1,0.004,4.948759890378168,0.019795039561512674
Grift of the Magi,funzo,BABF07,1999-12-19,11,9,235,14,1,0.005439005439005439,5.641907070938114,0.030686363245195646
Little Big Mom,leprosy,BABF04,2000-01-09,11,10,236,7,1,0.0031919744642042863,4.948759890378168,0.01579631519956552
Faith Off,tes,BABF06,2000-01-16,11,11,237,14,1,0.005780346820809248,6.335054251498059,0.03661881070230092
The Mansion Family,naught naught,BABF08,2000-01-23,11,12,238,7,2,0.003098716246126605,6.335054251498059,0.019630535529210454
Saddlesore Galactica,duncan,BABF09,2000-02-06,11,13,239,13,1,0.005543710021321962,4.725616339063959,0.02619744665579167
"Alone Again, Natura-diddily",ned,BABF11,2000-02-13,11,14,240,19,1,0.007361487795428129,1.7199337346567993,0.01266127119662115
Missionary: Impossible,oh god oh god,BABF10,2000-02-20,11,15,241,9,4,0.003966505068312032,4.389144102442746,0.017409562327891016
Pygmoelian,dr tad,BABF12,2000-02-27,11,16,242,8,2,0.0033126293995859213,6.335054251498059,0.020985686961484253
Bart to the Future,smell ya later,BABF13,2000-03-19,11,17,243,6,3,0.002191380569758948,4.725616339063959,0.010355623825560172
Days of Wine and D'oh'ses,barney,BABF14,2000-04-09,11,18,244,18,1,0.007636826474331778,1.978345424808467,0.015108280715550449
Kill the Alligator and Run,spring break,BABF16,2000-04-30,11,19,245,10,2,0.0042863266180882984,4.948759890378168,0.021212001244655672
Last Tap Dance in Springfield,tap a,BABF15,2000-05-07,11,20,246,24,2,0.009954375777685608,6.335054251498059,0.06306151059143651
"It's a Mad, Mad, Mad, Mad Marge",becky,BABF18,2000-05-14,11,21,247,19,1,0.008250108554059922,4.725616339063959,0.0389868477821169
Behind the Laughter,the simpsons,BABF19,2000-05-21,11,22,248,17,2,0.007056870070568701,1.869146132843475,0.013190321402382348
Treehouse of Horror XI,dolphins,BABF21,2000-11-01,12,1,249,14,1,0.007986309184255563,4.543294782270004,0.03628415684642331
A Tale of Two Springfields,the who,BABF20,2000-11-05,12,2,250,16,2,0.006834686031610423,4.389144102442746,0.029998421887690703
Insane Clown Poppy,a weema way a,BABF17,2000-11-12,12,3,251,4,4,0.001776988005330964,6.335054251498059,0.011257315418032978
Lisa the Tree Hugger,put it in your cap,CABF01,2000-11-19,12,4,252,4,5,0.00202122283981809,6.335054251498059,0.012804556344614573
Homer vs. Dignity,sim,CABF04,2000-11-26,12,5,253,8,1,0.0033112582781456954,4.725616339063959,0.01564773622206609
The Computer Wore Menace Shoes,mr x,CABF02,2000-12-03,12,6,254,20,2,0.008576329331046312,5.641907070938114,0.04838685309552413
The Great Money Caper,carjacking,CABF03,2000-12-10,12,7,255,5,1,0.002055921052631579,6.335054251498059,0.013024371405218048
Skinner's Sense of Snow,caucus,CABF06,2000-12-17,12,8,256,5,1,0.002321262766945218,6.335054251498059,0.014705325560580452
HOMR,crayon,BABF22,2001-01-07,12,9,257,9,1,0.004105839416058394,4.948759890378168,0.020318813418523502
Pokey Mom,spread spread,CABF05,2001-01-14,12,10,258,5,2,0.002011263073209976,6.335054251498059,0.012741460682819911
Worst Episode Ever,comic book,CABF08,2001-02-04,12,11,259,7,2,0.00315884476534296,2.901067047012913,0.009164020455365698
Tennis the Menace,tennis,CABF07,2001-02-11,12,12,260,18,1,0.007695596408721676,3.501840907441843,0.026948754311224104
Day of the Jackanapes,mukluk,CABF10,2001-02-18,12,13,261,4,1,0.0017605633802816902,6.335054251498059,0.011153264527285316
New Kids on the Blecch,nioj,CABF12,2001-02-25,12,14,262,13,1,0.00619933237958989,6.335054251498059,0.03927310694777051
"Hungry, Hungry Homer",albuquerque,CABF09,2001-03-04,12,15,263,12,1,0.0054005400540054005,4.948759890378168,0.026725976005642672
"Bye, Bye, Nerdie",bully,CABF11,2001-03-11,12,16,264,7,1,0.0034791252485089465,2.8086937268818977,0.0097717972605235
Simpson Safari,chimps,CABF13,2001-04-01,12,17,265,7,1,0.0038356164383561643,4.725616339063959,0.0181256517114782
Trilogy of Error,thumb,CABF14,2001-04-29,12,18,266,18,1,0.009589770911028236,3.339321977944068,0.0320233327666453
I'm Goin' to Praiseland,maude,CABF15,2001-05-06,12,19,267,17,1,0.007139857202855943,2.7797061900086453,0.019846705262556476
Children of a Lesser Clod,a boo peek a boo,CABF16,2001-05-13,12,20,268,7,5,0.002976190476190476,6.335054251498059,0.01885432812945851
Simpsons Tall Tales,bunyan,CABF17,2001-05-20,12,21,269,5,1,0.002935995302407516,5.641907070938114,0.01656461265689405
Treehouse of Horror XII,pierce,CABF19,2001-11-06,13,1,270,9,1,0.004945054945054945,4.725616339063959,0.023368432445920673
The Parent Rap,judge,CABF22,2001-11-11,13,2,271,15,1,0.006599208095028597,1.8464178817659191,0.012184895832155207
Homer the Moe,turkey turkey,CABF20,2001-11-18,13,3,272,6,2,0.0024549918166939444,6.335054251498059,0.015552506345739917
A Hunka Hunka Burns in Love,gloria,CABF18,2001-12-02,13,4,273,8,1,0.003485838779956427,4.725616339063959,0.016472736693904866
The Blunder Years,bom,CABF21,2001-12-09,13,5,274,34,1,0.014184397163120567,4.948759890378168,0.07019517575004494
She of Little Faith,buddhist,DABF02,2001-12-16,13,6,275,7,1,0.003146067415730337,4.255612709818223,0.013388444480326995
Brawl in the Family,gabriel,DABF01,2002-01-06,13,7,276,6,1,0.002938295788442703,5.641907070938114,0.016577591785322567
Sweets and Sour Marge,sugar,DABF03,2002-01-20,13,8,277,28,1,0.013120899718837863,2.0583881324820035,0.027007904268742312
Jaws Wired Shut,jaw,DABF05,2002-01-27,13,9,278,9,1,0.004598875830352581,3.9371589786996886,0.018106505267397648
Half-Decent Proposal,artie,DABF04,2002-02-10,13,10,279,22,1,0.01120162932790224,4.389144102442746,0.049165565302311816
The Bart Wants What It Wants,greta,DABF06,2002-02-17,13,11,280,11,1,0.005050505050505051,6.335054251498059,0.031995223492414446
The Lastest Gun in the West,buck,DABF07,2002-02-24,13,12,281,23,1,0.01118133203694701,3.3906152723316185,0.037911595169483336
The Old Man and the Key,hoochie,DABF09,2002-03-10,13,13,282,14,1,0.006514657980456026,6.335054251498059,0.04127071173614371
Tales from the Public Domain,joan,DABF08,2002-03-17,13,14,283,14,1,0.006535947712418301,4.255612709818223,0.027814462155674662
Blame It on Lisa,brazil,DABF10,2002-03-31,13,15,284,14,1,0.008900190718372537,4.032469158504013,0.03588974457664094
Weekend at Burnsie's,doo doo doo doo,DABF11,2002-04-07,13,16,285,10,4,0.004405286343612335,4.948759890378168,0.021800704362899423
Gump Roast,doo da,DABF12,2002-04-21,13,17,286,5,2,0.004659832246039142,5.641907070938114,0.02629034049831367
I Am Furious (Yellow),angry dad,DABF13,2002-04-28,13,18,287,14,2,0.006286484059272564,5.641907070938114,0.03546775886534961
The Sweetest Apu,manjula,DABF14,2002-05-05,13,19,288,10,1,0.0045105999097880016,3.9371589786996886,0.017758948934143835
Little Girl in the Big Ten,flex flex,DABF15,2002-05-12,13,20,289,6,2,0.002823529411764706,6.335054251498059,0.017887212004229814
The Frying Game,bellamy,DABF16,2002-05-19,13,21,290,6,1,0.0027272727272727275,5.641907070938114,0.015387019284376675
Poppa's Got a Brand New Badge,jingle bell,DABF17,2002-05-22,13,22,291,4,2,0.0018223234624145787,6.335054251498059,0.011544517998174141
Treehouse of Horror XIII,beer beer beer,DABF19,2002-11-03,14,1,292,8,3,0.004266666666666667,5.236441962829949,0.022342152374741117
How I Spent My Strummer Vacation,baby baby,DABF22,2002-11-10,14,2,293,7,2,0.0027290448343079924,5.641907070938114,0.015397017347589395
Bart vs. Lisa vs. the Third Grade,punch buggy,DABF20,2002-11-17,14,3,294,7,2,0.0032863849765258214,6.335054251498059,0.020819427117599255
Large Marge,yuck yuck,DABF18,2002-11-24,14,4,295,13,2,0.005235602094240838,6.335054251498059,0.03316782330627256
Helter Shelter,doot doot,DABF21,2002-12-01,14,5,296,9,2,0.004176334106728539,6.335054251498059,0.026457303138506978
The Great Louse Detective,accustomed to,EABF01,2002-12-15,14,6,297,7,2,0.003458498023715415,5.641907070938114,0.019512524454825493
Special Edna,teacher of the year,EABF02,2003-01-05,14,7,298,7,4,0.003153153153153153,6.335054251498059,0.019975396288507394
The Dad Who Knew Too Little,diary,EABF03,2003-01-12,14,8,299,10,1,0.004123711340206186,4.137829674161839,0.017063215151182844
The Strong Arms of the Ma,sword,EABF04,2003-02-02,14,9,300,9,1,0.004540867810292634,3.9371589786996886,0.017878118470382037
Pray Anything,vengeful god loving god,EABF06,2003-02-09,14,10,301,6,4,0.002694207453973956,6.335054251498059,0.017067950385715472
Barting Over,la la la,EABF05,2003-02-16,14,11,302,17,3,0.007515473032714412,3.076957713476577,0.023124792718435812
I'm Spelling As Fast As I Can,ribwich,EABF07,2003-02-16,14,12,303,14,1,0.00562474889513861,5.641907070938114,0.03173431056373387
A Star Is Born-Again,sara,EABF08,2003-03-02,14,13,304,16,1,0.006374501992031873,5.236441962829949,0.0333797097232188
Mr. Spritz Goes to Washington,yap yap,EABF09,2003-03-09,14,14,305,13,2,0.0051444400474871385,5.641907070938114,0.029024452679934892
C.E.D'oh,a patsy,EABF10,2003-03-16,14,15,306,5,2,0.002055076037813399,6.335054251498059,0.01301901819050156
'Scuse Me While I Miss the Sky,hood ornament,EABF11,2003-03-30,14,16,307,7,2,0.0034146341463414634,6.335054251498059,0.021631892566090934
Three Gays of the Condo,gay,EABF12,2003-04-13,14,17,308,12,1,0.004189944134078212,1.7707060600302227,0.007419159469400374
"Dude, Where's My Ranch?",clara,EABF13,2003-04-27,14,18,309,7,1,0.002967359050445104,6.335054251498059,0.0187983805682435
Old Yeller-Belly,suds,EABF14,2003-05-04,14,19,310,9,1,0.004416094210009814,4.389144102442746,0.01938287385769613
"Brake My Wife, Please",chaka,EABF15,2003-05-11,14,20,311,6,1,0.002372479240806643,6.335054251498059,0.015029784701063012
The Bart of War,cavalry,EABF16,2003-05-18,14,21,312,10,1,0.00458295142071494,5.641907070938114,0.025856586026297496
Moe Baby Blues,la la la,EABF17,2003-05-18,14,22,313,8,3,0.0034707158351409977,3.076957713476577,0.010679245860222394
Treehouse of Horror XIV,nobel,EABF21,2003-11-02,15,1,314,11,1,0.005118659841786877,4.255612709818223,0.02178303387994437
My Mother the Carjacker,t shirt,EABF18,2003-11-09,15,2,315,7,2,0.002982530890498509,2.751535313041949,0.008206539067445097
The President Wore Pearls,student body president,EABF20,2003-11-16,15,3,316,5,3,0.0019319938176197836,6.335054251498059,0.012239285648180177
The Regina Monologues,keep turning,EABF22,2003-11-23,15,4,317,8,2,0.0033112582781456954,6.335054251498059,0.020977000832775032
The Fat and the Furriest,bear,EABF19,2003-11-30,15,5,318,27,1,0.015025041736227046,1.94060509682562,0.029157672573339868
Today I Am a Clown,h h h,FABF01,2003-12-07,15,6,319,12,3,0.005398110661268556,6.335054251498059,0.034197323894726364
'Tis the Fifteenth Season,christmas,FABF02,2003-12-14,15,7,320,23,1,0.009441707717569787,1.5988558031035636,0.015095929175444157
"Marge vs. Singles, Seniors, Childless Couples and Teens and Gays",whoop whoop,FABF03,2004-01-04,15,8,321,13,2,0.005652173913043478,5.641907070938114,0.03188903996617195
"I, (Annoyed Grunt)-bot",bike,FABF04,2004-01-11,15,9,322,16,1,0.007964161274265804,2.4849066497880004,0.01979019731040717
Diatribe of a Mad Housewife,temperance,FABF05,2004-01-25,15,10,323,11,1,0.004261913986826811,5.641907070938114,0.024045322658008232
Margical History Tour,butt butt,FABF06,2004-02-08,15,11,324,9,2,0.0038876889848812094,6.335054251498059,0.02462872063217388
Milhouse Doesn't Live Here Anymore,scots,FABF07,2004-02-15,15,12,325,7,1,0.0028559771521827824,5.641907070938114,0.01611315768933774
Smart & Smarter,z z,FABF09,2004-02-22,15,13,326,17,2,0.007899628252788104,6.335054251498059,0.05004457354807946
The Ziff Who Came to Dinner,artie,FABF08,2004-03-14,15,14,327,21,1,0.008695652173913044,4.389144102442746,0.03816647045602388
Co-Dependents' Day,li li,FABF10,2004-03-21,15,15,328,32,2,0.012237093690248566,6.335054251498059,0.07752265240838925
The Wandering Juvie,gina,FABF11,2004-03-28,15,16,329,5,1,0.0023234200743494425,6.335054251498059,0.014718992220023373
My Big Fat Geek Wedding,edna,FABF12,2004-04-18,15,17,330,25,1,0.009792401096748922,2.5064128550089637,0.024543799990295375
Catch 'Em If You Can,dayton,FABF14,2004-04-25,15,18,331,10,1,0.004526935264825713,6.335054251498059,0.028678380495690624
Simple Simpson,pie man,FABF15,2004-05-02,15,19,332,27,2,0.011592958351223702,5.641907070938114,0.06540639369486007
The Way We Weren't,bok,FABF13,2004-05-09,15,20,333,8,1,0.003669724770642202,6.335054251498059,0.023247905510084623
Bart-Mangled Banner,bart pass the,FABF17,2004-05-16,15,21,334,4,3,0.0017101325352714834,5.641907070938114,0.009648408842989505
Fraudcast News,geezer rock,FABF18,2004-05-23,15,22,335,8,2,0.00354295837023915,6.335054251498059,0.02244483348626416
Treehouse of Horror XV,murderer,FABF23,2004-11-07,16,1,336,7,1,0.003243744207599629,3.6959969218828004,0.011988868606663393
All's Fair in Oven War,ovenfresh,FABF20,2004-11-14,16,2,337,15,1,0.00620347394540943,6.335054251498059,0.03929934399192345
Sleeping with the Enemy,duck duck duck,FABF19,2004-11-21,16,3,338,51,3,0.023765144454799627,6.335054251498059,0.1505534794158439
She Used to Be My Girl,chloe,FABF22,2004-12-05,16,4,339,26,1,0.011279826464208243,5.236441962829949,0.059066156630619815
Fat Man and Little Boy,t shirts,FABF21,2004-12-12,16,5,340,9,2,0.0036809815950920245,3.8501476017100584,0.014172322460282424
Midnight Rx,la la la la,FABF16,2005-01-16,16,6,341,22,4,0.009286618826509076,3.244011798139743,0.0301259010380221
Mommie Beerest,moes,GABF01,2005-01-30,16,7,342,15,1,0.005804953560371517,1.6906633523566863,0.009814222246652592
Homer and Ned's Hail Mary Pass,super bowl,GABF02,2005-02-06,16,8,343,10,2,0.004332755632582322,3.339321977944068,0.014468466108943102
Pranksta Rap,alcatraaaz,GABF03,2005-02-13,16,9,344,5,1,0.0019409937888198758,6.335054251498059,0.01229630095399468
There's Something About Marrying,veronica,GABF04,2005-02-20,16,10,345,8,1,0.0031658092599920855,5.641907070938114,0.017861201649190705
On a Clear Day I Can't See My Sister,restraining,GABF05,2005-03-06,16,11,346,13,1,0.006066262249183388,5.236441962829949,0.031765630199155084
Goo Goo Gai Pan,ling,GABF06,2005-03-13,16,12,347,10,1,0.004304778303917348,4.255612709818223,0.0183194692631004
Mobile Homer,ive been everywhere,GABF07,2005-03-20,16,13,348,9,3,0.003949100482667837,6.335054251498059,0.025017765802317918
The Seven-Beer Snitch,kill the rat,GABF08,2005-04-03,16,14,349,11,3,0.004807692307692308,6.335054251498059,0.03045699159374067
Future-Drama,jenda,GABF12,2005-04-17,16,15,350,10,1,0.004340277777777778,5.236441962829949,0.022727612685893878
Don't Fear the Roofer,ray,GABF10,2005-05-01,16,16,351,27,1,0.010592389172224402,2.528391761727739,0.026781709520066286
The Heartbroke Kid,vending,GABF11,2005-05-01,16,17,352,4,1,0.001774622892635315,4.389144102442746,0.007789075603270179
A Star Is Torn,yep no yep no,GABF13,2005-05-08,16,18,353,5,4,0.0022872827081427266,6.335054251498059,0.014490060044597575
Thank God It's Doomsday,rapture,GABF14,2005-05-08,16,19,354,20,1,0.008285004142502071,4.948759890378168,0.04100049619203122
Home Away from Homer,chop shop,GABF15,2005-05-15,16,20,355,3,2,0.0014058106841611997,6.335054251498059,0.008905886951496803
"The Father, the Son, and the Holy Guest Star",catholic,GABF09,2005-05-15,16,21,356,14,1,0.005133846718005134,3.9371589786996886,0.020212770701061842
The Bonfire of the Manatees,manatee,GABF18,2005-09-11,17,1,357,8,1,0.0031446540880503146,5.641907070938114,0.017741846135025517
The Girl Who Slept Too Little,stamp museum,GABF16,2005-09-18,17,2,358,6,2,0.0028530670470756064,6.335054251498059,0.018074334526385332
Milhouse of Sand and Fog,pox,GABF19,2005-09-25,17,3,359,13,1,0.004892736168611215,4.543294782270004,0.022229142705875064
Treehouse of Horror XVI,robot,GABF17,2005-11-06,17,4,360,10,1,0.004918839153959666,2.4432339533874323,0.012017874832205767
Marge's Son Poisoning,do do do,GABF20,2005-11-13,17,5,361,11,3,0.004977375565610859,3.9371589786996886,0.019596718898505235
See Homer Run,re call,GABF21,2005-11-20,17,6,362,12,2,0.005123825789923143,6.335054251498059,0.032459714354388006
The Last of the Red Hat Mamas,italian,GABF22,2005-11-27,17,7,363,11,1,0.005041246562786435,2.901067047012913,0.01462499427916684
The Italian Bob,vendetta,HABF02,2005-12-11,17,8,364,19,1,0.008527827648114902,6.335054251498059,0.054024250798233
Simpsons Christmas Stories,christmas,HABF01,2005-12-18,17,9,365,24,1,0.012102874432677761,1.5988558031035636,0.019350751020920588
Homer's Paternity Coot,fairbanks,HABF03,2006-01-08,17,10,366,7,1,0.00303951367781155,6.335054251498059,0.01925548404710656
We're on the Road to D'ohwhere,bom,HABF04,2006-01-29,17,11,367,8,1,0.0035366931918656055,4.948759890378168,0.017502245412478048
My Fair Laddy,bombardment,HABF05,2006-02-26,17,12,368,19,1,0.009165460684997588,5.236441962829949,0.0479944029395895
The Seemingly Never-Ending Story,one two three four,HABF06,2006-03-12,17,13,369,9,4,0.00375,3.6959969218828004,0.0138599884570605
Bart Has Two Mommies,toot,HABF07,2006-03-19,17,14,370,16,1,0.00718132854578097,4.389144102442746,0.03151988583441828
"Homer Simpson, This Is Your Wife",do it ill do it,HABF08,2006-03-26,17,15,371,6,5,0.0023631350925561244,6.335054251498059,0.014970589014961936
Million-Dollar Abie,springfield blows,HABF09,2006-04-02,17,16,372,5,2,0.002449779519843214,6.335054251498059,0.015519486162415627
"Kiss Kiss, Bang Bangalore",a bom shabai,HABF10,2006-04-09,17,17,373,16,3,0.007608178792201617,6.335054251498059,0.04819822540369422
The Wettest Stories Ever Told,merrily,HABF11,2006-04-23,17,18,374,6,1,0.002548853016142736,5.641907070938114,0.01438039185455764
Girls Just Want to Have Sums,math,HABF12,2006-04-30,17,19,375,22,1,0.009927797833935019,2.697468091771673,0.026779917878599645
Regarding Margie,untidy,HABF13,2006-05-07,17,20,376,6,1,0.0022935779816513763,6.335054251498059,0.014529940943802888
The Monkey Suit,evolution,HABF14,2006-05-14,17,21,377,15,1,0.0070788107597923545,5.236441962829949,0.03706778170950884
Marge and Homer Turn a Couple Play,buck,HABF16,2006-05-21,17,22,378,27,1,0.011780104712041885,3.3906152723316185,0.03994180294631488
"The Mook, the Chef, the Wife and Her Homer",fart fart,HABF15,2006-09-10,18,1,379,10,2,0.00471253534401508,6.335054251498059,0.0298541670664376
Jazzy and the Pussycats,groovay,HABF18,2006-09-17,18,2,380,6,1,0.0033076074972436605,6.335054251498059,0.020953872937700308
"Please Homer, Don't Hammer 'Em",blah blah blah blah,HABF20,2006-09-24,18,3,381,12,4,0.0058823529411764705,4.137829674161839,0.02434017455389317
Treehouse of Horror XVII,golem,HABF17,2006-11-05,18,4,382,4,1,0.002162162162162162,5.641907070938114,0.012198717991217543
G.I. (Annoyed Grunt),frontline infantry,HABF21,2006-11-12,18,5,383,32,2,0.014699127239320165,6.335054251498059,0.09311976851076614
Moe'N'a Lisa,poem,HABF19,2006-11-19,18,6,384,9,1,0.003950834064969272,3.4446824936018943,0.013609368938725658
Ice Cream of Margie (with the Light Blue Hair),penalty penalty,HABF22,2006-11-26,18,7,385,5,2,0.0024437927663734115,6.335054251498059,0.015481559754394084
The Haw-Hawed Couple,greystash,JABF02,2006-12-10,18,8,386,13,1,0.0055579307396323215,6.335054251498059,0.03520979276163949
"Kill Gil, Volumes I & II",grumply,JABF01,2006-12-17,18,9,387,11,1,0.005059797608095676,6.335054251498059,0.032054092348886225
The Wife Aquatic,yum,JABF03,2007-01-07,18,10,388,11,1,0.006440281030444965,4.032469158504013,0.025970234627367767
Revenge Is a Dish Best Served Three Times,revenge,JABF05,2007-01-28,18,11,389,22,1,0.011530398322851153,2.5738541358044964,0.02967756341074367
Little Big Girl,darcy,JABF04,2007-02-11,18,12,390,7,1,0.003330161750713606,6.335054251498059,0.021096755357034452
Springfield Up,squeaky,JABF07,2007-02-18,18,13,391,9,1,0.0035587188612099642,4.948759890378168,0.017611245161488143
Yokel Chords,stanley,JABF09,2007-03-04,18,14,392,13,1,0.005256773150020219,4.389144102442746,0.02307273486929062
Rome-Old and Juli-Eh,selma,JABF08,2007-03-11,18,15,393,16,1,0.0075294117647058826,2.3838105329166317,0.017948691071372286
Homerazzi,yi yi yi yi yi,JABF06,2007-03-25,18,16,394,12,5,0.00646551724137931,6.335054251498059,0.040959402488134004
Marge Gamer,shadow knight,JABF10,2007-04-22,18,17,395,7,2,0.003064798598949212,6.335054251498059,0.0194156653942585
The Boys of Bummer,mattress,JABF11,2007-04-29,18,18,396,11,1,0.0048802129547471165,4.032469158504013,0.01967930822694949
Crook and Ladder,mood swings mood swings,JABF13,2007-05-06,18,19,397,10,4,0.005595970900951315,6.335054251498059,0.03545077924733105
Stop or My Dog Will Shoot!,maze,JABF12,2007-05-13,18,20,398,8,1,0.004484304932735426,4.543294782270004,0.020373519203004502
24 Minutes,bake sale,JABF14,2007-05-20,18,21,399,9,2,0.005008347245409015,4.389144102442746,0.021982357775172347
You Kent Always Say What You Want,liberals,JABF15,2007-05-20,18,22,400,9,1,0.0037251655629139072,5.641907070938114,0.021017037929819134
He Loves to Fly and He D'ohs,beer beer,JABF20,2007-09-23,19,1,401,9,2,0.004314477468839885,4.725616339063959,0.020388565221273074
The Homer of Seville,opera,JABF18,2007-09-30,19,2,402,10,1,0.005022601707684581,3.8501476017100584,0.019337757919186634
Midnight Towboy,ey,JABF21,2007-10-07,19,3,403,12,1,0.006097560975609756,4.389144102442746,0.0267630737953826
I Don't Wanna Know Why the Caged Bird Sings,dwight,JABF19,2007-10-14,19,4,404,12,1,0.0058309037900874635,4.948759890378168,0.02885574280103888
Treehouse of Horror XVIII,alien,JABF16,2007-11-04,19,5,405,6,1,0.0032912781130005485,3.6959969218828004,0.01216455377471026
Little Orphan Millie,norbert,JABF22,2007-11-11,19,6,406,7,1,0.0033589251439539347,6.335054251498059,0.021278973013669104
Husbands and Knives,pussycat,JABF17,2007-11-18,19,7,407,10,1,0.004098360655737705,5.236441962829949,0.021460827716516185
Funeral for a Fiend,bob,KABF01,2007-11-25,19,8,408,18,1,0.0072231139646869984,2.2079198664529676,0.015948056820286282
Eternal Moonshine of the Simpson Mind,forget me shot,KABF02,2007-12-16,19,9,409,4,3,0.0019550342130987292,6.335054251498059,0.012385247803515267
E Pluribus Wiggum,ralph,KABF03,2008-01-06,19,10,410,26,1,0.011139674378748929,2.0723743744567433,0.02308557572231162
That '90s Show,marge a rine,KABF04,2008-01-27,19,11,411,5,3,0.002150537634408602,6.335054251498059,0.013623772583866794
"Love, Springfieldian Style",bollocks,KABF05,2008-02-17,19,12,412,8,1,0.004100461301896463,6.335054251498059,0.025976644803682458
The Debarted,rat,KABF06,2008-03-02,19,13,413,12,1,0.0064794816414686825,2.528391761727739,0.016382668002555546
Dial 'N' for Nerder,martin,KABF07,2008-03-09,19,14,414,16,1,0.007714561234329798,2.2746112409516397,0.017547627702616315
Smoke on the Daughter,ballet,KABF08,2008-03-30,19,15,415,10,1,0.004438526409232135,3.9371589786996886,0.01747518410430399
Papa Don't Leech,lurleen,KABF09,2008-04-13,19,16,416,18,1,0.007217321571772253,5.236441962829949,0.037793085537666034
Apocalypse Cow,lou,KABF10,2008-04-27,19,17,417,20,1,0.009385265133740028,1.916213643701461,0.017984173099028257
Any Given Sundance,sundance,KABF11,2008-05-04,19,18,418,8,1,0.003395585738539898,5.641907070938114,0.01915757918824487
Mona Leaves-a,wokka,KABF12,2008-05-11,19,19,419,5,1,0.002380952380952381,6.335054251498059,0.015083462503566809
All About Lisa,krusty,KABF13,2008-05-18,19,20,420,24,1,0.009188361408882083,1.324418957401803,0.01216924003738257
"Sex, Pies and Idiot Scrapes",loora,KABF17,2008-09-28,20,1,421,8,1,0.0033783783783783786,6.335054251498059,0.021402210309115065
Lost Verizon,leary,KABF15,2008-10-05,20,2,422,11,1,0.00537109375,6.335054251498059,0.034026170296132155
"Double, Double, Boy in Trouble",bub bub,KABF14,2008-10-19,20,3,423,6,2,0.0026235242675994755,6.335054251498059,0.01662016856536439
Dangerous Curves,limbo,KABF18,2008-11-09,20,5,425,7,1,0.002992731936725096,4.948759890378168,0.01481031177111893
Homer and Lisa Exchange Cross Words,crossword,KABF19,2008-11-16,20,6,426,10,1,0.004662004662004662,4.543294782270004,0.021180861455804213
MyPods and Boomsticks,mapple,KABF20,2008-11-30,20,7,427,11,1,0.005052824988516307,5.236441962829949,0.026458824800702545
The Burns and the Bees,bees,KABF21,2008-12-07,20,8,428,31,1,0.014832535885167464,3.199560035568909,0.04745758904432353
Lisa the Drama Queen,equalia,KABF22,2009-01-25,20,9,429,11,1,0.004534212695795548,6.335054251498059,0.028724483415696063
"Take My Life, Please",vance,LABF01,2009-02-15,20,10,430,14,1,0.007494646680942184,5.641907070938114,0.04228410010339058
How the Test Was Won,doy,LABF02,2009-03-01,20,11,431,8,1,0.0034737299174989146,5.236441962829949,0.018189985107529134
"No Loan Again, Naturally",landlord,LABF03,2009-03-08,20,12,432,4,1,0.0017482517482517483,4.725616339063959,0.008261567026335593
Gone Maggie Gone,the gem,LABF04,2009-03-15,20,13,433,19,2,0.008866075594960336,6.335054251498059,0.05616706989195666
In the Name of the Grandfather,ireland,LABF11,2009-03-22,20,14,434,14,1,0.0058823529411764705,4.255612709818223,0.025033015940107196
Wedding for Disaster,parson,LABF05,2009-03-29,20,15,435,6,1,0.002413515687851971,5.641907070938114,0.0136168312251121
Eeny Teeny Maya Moe,maya,LABF06,2009-04-05,20,16,436,7,1,0.0033175355450236967,4.725616339063959,0.015677400176989438
"The Good, the Sad and the Drugly",jenny,LABF07,2009-04-19,20,17,437,7,1,0.0029838022165387893,4.948759890378168,0.014766120730028635
Father Knows Worst,washington monument,LABF08,2009-04-26,20,18,438,6,2,0.0024174053182917004,5.236441962829949,0.01265860264987095
"Waverly Hills, 9-0-2-1-D'oh",waverly,LABF10,2009-05-03,20,19,439,12,1,0.005272407732864675,6.335054251498059,0.033400989023715605
Four Great Women and a Manicure,ho hi,LABF09,2009-05-10,20,20,440,18,2,0.007874015748031496,6.335054251498059,0.0498823169409296
Homer the Whopper,everyman,LABF13,2009-09-27,21,1,442,22,1,0.009918845807033363,6.335054251498059,0.06283642629980041
Bart Gets a 'Z',la la la la,LABF15,2009-10-04,21,2,443,39,4,0.02095647501343364,3.244011798139743,0.06798305219099945
The Great Wife Hope,chett,LABF16,2009-10-11,21,3,444,14,1,0.007268951194184839,6.335054251498059,0.04604920016665256
Treehouse of Horror XX,safe zone,LABF14,2009-10-18,21,4,445,6,2,0.002938295788442703,6.335054251498059,0.018614263226732788
The Devil Wears Nada,ho mie ho,LABF17,2009-11-15,21,5,446,5,3,0.0019833399444664813,6.335054251498059,0.012564566147358307
Rednecks and Broomsticks,bonk it,LABF19,2009-11-29,21,7,448,18,2,0.008470588235294117,6.335054251498059,0.05366163601268944
"O Brother, Where Bart Thou?",naked bacon,MABF01,2009-12-13,21,8,449,8,2,0.0035571365051133837,6.335054251498059,0.022534652739877488
Thursdays with Abie,larry,MABF02,2010-01-03,21,9,450,16,1,0.006941431670281995,2.901067047012913,0.0201375586777469
Once Upon a Time in Springfield,princess,LABF20,2010-01-10,21,10,451,16,1,0.006633499170812604,2.6214821847937513,0.017389599899129363
Million Dollar Maybe,you like potato,MABF03,2010-01-31,21,11,452,5,3,0.0022361359570661895,6.335054251498059,0.014166042601739846
Boy Meets Curl,curling,MABF05,2010-02-14,21,12,453,9,1,0.0045385779122541605,5.236441962829949,0.02376599983130083
The Color Yellow,virgil,MABF06,2010-02-21,21,13,454,17,1,0.006813627254509018,5.641907070938114,0.038441851785951074
Postcards from the Wedge,homework,MABF04,2010-03-14,21,14,455,14,1,0.005747126436781609,2.3838105329166317,0.01370006053400363
Stealing First Base,nikki,MABF07,2010-03-21,21,15,456,5,1,0.0023386342376052385,6.335054251498059,0.014815374769639988
The Greatest Story Ever D'ohed,messiah,MABF10,2010-03-28,21,16,457,8,1,0.004280363830925628,4.543294782270004,0.01944695465926165
American History X-cellent,out of five,MABF08,2010-04-11,21,17,458,5,3,0.002261420171867933,4.725616339063959,0.010686604113667932
Chief of Hearts,parm,MABF09,2010-04-18,21,18,459,7,1,0.0029239766081871343,6.335054251498059,0.01852355044297678
The Squirt and the Whale,whale,MABF14,2010-04-25,21,19,460,15,1,0.0070191857744501636,2.901067047012913,0.02036312854711918
To Surveil with Love,tsk,MABF12,2010-05-02,21,20,461,9,1,0.0037220843672456576,5.641907070938114,0.02099965411019149
Moe Letter Blues,think back,MABF13,2010-05-09,21,21,462,6,2,0.0023112480739599386,4.948759890378168,0.011437811765126739
The Bob Next Door,walt,MABF11,2010-05-16,21,22,463,10,1,0.004418912947414936,4.389144102442746,0.01939524570235416
Judge Me Tender,simon,MABF15,2010-05-23,21,23,464,6,1,0.0028011204481792717,3.6270040503958487,0.010159675211192853
Elementary School Musical,artists,MABF21,2010-09-26,22,1,465,24,1,0.013785180930499713,3.4446824936018943,0.047485571422427035
Loan-a Lisa,handbag,MABF17,2010-10-03,22,2,466,6,1,0.00262582056892779,6.335054251498059,0.016634715758857048
MoneyBart,baseball,MABF18,2010-10-10,22,3,467,17,1,0.007413868294810292,2.145399509471633,0.015905709402973294
Treehouse of Horror XXI,vampire,MABF16,2010-11-07,22,4,468,8,1,0.004244031830238726,3.6270040503958487,0.015393120638284769
"Lisa Simpson, This Isn't Your Life",turn out like,MABF20,2010-11-14,22,5,469,4,3,0.0018223234624145787,5.236441962829949,0.009542491048437265
The Fool Monty,see i am,NABF01,2010-11-21,22,6,470,3,3,0.0013986013986013986,6.335054251498059,0.008860215736360921
How Munched is That Birdie in the Window?,taps taps,NABF02,2010-11-28,22,7,471,17,2,0.008403361344537815,6.335054251498059,0.053235750012588734
The Fight Before Christmas,ho ho ho ho,MABF22,2010-12-05,22,8,472,10,4,0.004127115146512587,4.948759890378168,0.02042410190003371
Donnie Fatso,nicky,MABF19,2010-12-12,22,9,473,7,1,0.0036477331943720686,6.335054251498059,0.02310858768133737
Moms I'd Like to Forget,scar,NABF03,2011-01-09,22,10,474,7,1,0.003067484662576687,3.770104894036522,0.011564738938762338
Flaming Moe,in in,NABF04,2011-01-16,22,11,475,4,2,0.0018552875695732839,5.641907070938114,0.010467360057399098
Homer the Father,mini bike,NABF05,2011-01-23,22,12,476,9,2,0.004267425320056899,6.335054251498059,0.027034370916776927
The Blue and the Gray,wingman,NABF06,2011-02-13,22,13,477,10,1,0.004340277777777778,5.641907070938114,0.024487443884280008
Angry Dad: The Movie,angry dad,NABF07,2011-02-20,22,14,478,21,2,0.00979934671021932,5.641907070938114,0.055287003494960525
The Scorpion's Tale,drug,NABF08,2011-03-06,22,15,479,11,1,0.0047413793103448275,2.751535313041949,0.013046072604940274
A Midsummer's Nice Dream,cheech,NABF09,2011-03-13,22,16,480,18,1,0.00749375520399667,5.641907070938114,0.042279070473308096
Love Is a Many Strangled Thing,dr zander,NABF10,2011-03-27,22,17,481,6,2,0.002977667493796526,6.335054251498059,0.018863685116123255
The Great Simpsina,peach,NABF11,2011-04-10,22,18,482,31,1,0.014110150204824761,3.6270040503958487,0.05117757194459322
The Real Housewives of Fat Tony,truffles,NABF12,2011-05-01,22,19,483,9,1,0.0033210332103321034,6.335054251498059,0.02103892555848064
Homer Scissorhands,hairdresser,NABF13,2011-05-08,22,20,484,4,1,0.001759014951627089,5.236441962829949,0.009210979705945381
500 Keys,and the day before,NABF14,2011-05-15,22,21,485,8,4,0.0034812880765883376,6.335054251498059,0.022054148830280448
The Ned-Liest Catch,edna,NABF15,2011-05-22,22,22,486,21,1,0.011266094420600859,2.5064128550089637,0.028237483881538756
The Falcon and the D'ohman,wayne,NABF16,2011-09-25,23,1,487,13,1,0.006259027443428021,3.8501476017100584,0.024098179500351834
Bart Stops to Smell the Roosevelts,roosevelt,NABF17,2011-10-02,23,2,488,14,1,0.00587248322147651,3.9371589786996886,0.023120900042699514
Treehouse of Horror XXII,hilarium,NABF19,2011-10-30,23,3,489,7,1,0.0025207057976233344,6.335054251498059,0.015968807980009513
Replaceable You,roz,NABF21,2011-11-06,23,4,490,8,1,0.003076923076923077,6.335054251498059,0.019492474619994028
The Food Wife,goorsha,NABF20,2011-11-13,23,5,491,10,1,0.004008016032064128,6.335054251498059,0.025390999004000235
The Book Job,our book,NABF22,2011-11-20,23,6,492,9,2,0.004186046511627907,5.641907070938114,0.023617285413229314
The Man in the Blue Flannel Pants,account,PABF01,2011-11-27,23,7,493,8,1,0.0029917726252804786,3.339321977944068,0.009990492080610525
The Ten-Per-Cent Solution,krusty,PABF02,2011-12-04,23,8,494,25,1,0.01203659123736158,1.324418957401803,0.015941489617258102
Holidays of Future Passed,zia,NABF18,2011-12-11,23,9,495,4,1,0.0019831432821021317,6.335054251498059,0.012563320280610924
"Politically Inept, with Homer Simpson",gravy,PABF03,2012-01-08,23,10,496,11,1,0.005681818181818182,3.1570004211501135,0.01793750239289837
The D'oh-cial Network,springface,PABF04,2012-01-15,23,11,497,6,1,0.002716161158895428,6.335054251498059,0.017207028297414377
Moe Goes from Rags to Riches,rag,PABF05,2012-01-29,23,12,498,12,1,0.004966887417218543,4.255612709818223,0.02113714922095144
The Daughter Also Rises,myth,PABF06,2012-02-12,23,13,499,8,1,0.003814973772055317,4.255612709818223,0.016235050871981776
At Long Last Leave,the outlands,PABF07,2012-02-19,23,14,500,3,2,0.0013623978201634877,6.335054251498059,0.00863086410285839
Exit Through the Kwik-E-Mart,mr fatso,PABF09,2012-03-04,23,15,501,4,2,0.0018034265103697023,6.335054251498059,0.011424804781781891
How I Wet Your Mother,karma,PABF08,2012-03-11,23,16,502,6,1,0.002591792656587473,4.948759890378168,0.012826159543096766
"Them, Robot",hard or,PABF10,2012-03-18,23,17,503,5,2,0.002188183807439825,5.236441962829949,0.011458297511662907
Beware My Cheating Bart,shauna,PABF11,2012-04-15,23,18,504,7,1,0.0025725836089672913,4.389144102442746,0.011291440175339661
A Totally Fun Thing That Bart Will Never Do Again,want want,PABF12,2012-04-29,23,19,505,9,2,0.0036809815950920245,6.335054251498059,0.023319218103673836
The Spy Who Learned Me,cain,PABF13,2012-05-06,23,20,506,8,1,0.0031409501374165686,5.236441962829949,0.016447403102724616
Ned 'n Edna's Blend,the passion,PABF15,2012-05-13,23,21,507,5,2,0.0030883261272390363,5.236441962829949,0.016171840527578595
Lisa Goes Gaga,voop,PABF14,2012-05-20,23,22,508,18,1,0.007630351844001695,6.335054251498059,0.048338692889769
Moonshine River,mary,PABF21,2012-09-30,24,1,509,13,1,0.005220883534136547,2.597384633214691,0.013560642663369872
Treehouse of Horror XXIII,black hole,PABF17,2012-10-07,24,2,510,7,2,0.002913025384935497,5.236441962829949,0.015253888364465104
Adventures in Baby-Getting,sinkhole,PABF18,2012-11-04,24,3,511,6,1,0.002635046113306983,4.948759890378168,0.013040210514830484
Gone Abie Gone,rita,PABF16,2012-11-11,24,4,512,7,1,0.0026595744680851063,5.641907070938114,0.015005071997175835
Penny-Wiseguys,the gun,PABF19,2012-11-18,24,5,513,8,2,0.0033112582781456954,3.6959969218828004,0.012238400403585432
A Tree Grows in Springfield,sauce cheese topping,PABF22,2012-11-25,24,6,514,7,3,0.0032618825722274,6.335054251498059,0.020664203057076613
The Day the Earth Stood Cool,t rex,PABF20,2012-12-09,24,7,515,6,2,0.003069053708439898,6.335054251498059,0.01944262174372806
To Cur with Love,bongo,RABF01,2012-12-16,24,8,516,19,1,0.0074045206547155105,4.725616339063959,0.03499092378886018
Homer Goes to Prep School,boom boom,RABF02,2013-01-06,24,9,517,7,2,0.0028735632183908046,4.725616339063959,0.013579357296160801
A Test Before Trying,meter,RABF03,2013-01-13,24,10,518,9,1,0.0041841004184100415,4.137829674161839,0.017313094870970037
The Changing of the Guardian,guardians,RABF04,2013-01-27,24,11,519,4,1,0.0016701461377870565,6.335054251498059,0.010580466390810955
Love is a Many-Splintered Thing,mary,RABF07,2013-02-10,24,12,520,16,1,0.0071269487750556795,2.597384633214691,0.018511427230037885
Hardly Kirk-ing,slurp,RABF05,2013-02-17,24,13,521,6,1,0.002749770852428964,4.725616339063959,0.012994362068920143
Gorgeous Grampa,godfrey,RABF06,2013-03-03,24,14,522,13,1,0.005380794701986755,5.641907070938114,0.030357943676405413
"Black Eyed, Please",ms cantwell,RABF09,2013-03-10,24,15,523,6,2,0.002497918401332223,6.335054251498059,0.015824448588254936
Dark Knight Court,fruit bat,RABF10,2013-03-17,24,16,524,5,2,0.001999200319872051,6.335054251498059,0.012665042486001718
What Animated Women Want,omakase,RABF08,2013-04-14,24,17,525,4,1,0.001989060169070114,6.335054251498059,0.012600804080553075
Pulpit Friction,day by day,RABF11,2013-04-28,24,18,526,11,3,0.004498977505112475,6.335054251498059,0.028501266571156914
Whiskey Business,how deep is your love,RABF13,2013-05-05,24,19,527,4,5,0.0016420361247947454,6.335054251498059,0.01040238793349435
The Fabulous Faker Boy,zhenya,RABF12,2013-05-12,24,20,528,7,1,0.0033349213911386373,6.335054251498059,0.021126907937344647
The Saga of Carl,carls,RABF14,2013-05-19,24,21,529,16,1,0.007525870178739417,4.948759890378168,0.0372437244807388
Dangers on a Train,anniversary,RABF17,2013-05-19,24,22,530,16,1,0.0070577856197618,3.1570004211501135,0.022281432173975216
Homerland,more free stuff,RABF20,2013-09-29,25,1,531,7,3,0.0031263957123715946,6.335054251498059,0.019805886449524975
Treehouse of Horror XXIV,gooble goo,RABF16,2013-10-06,25,2,532,9,2,0.004176334106728539,6.335054251498059,0.026457303138506978
Four Regrettings and a Funeral,regrets,RABF18,2013-11-03,25,3,533,11,1,0.004581424406497293,4.948759890378168,0.02267236934367341
YOLO,eduardo,RABF22,2013-11-10,25,4,534,9,1,0.0041802136553646075,5.641907070938114,0.023584376980233638
Labor Pains,sleep sleep,RABF19,2013-11-17,25,5,535,11,2,0.005472636815920398,6.335054251498059,0.03466945112760132
The Kid Is All Right,isabel,SABF02,2013-11-24,25,6,536,13,1,0.00494296577946768,5.641907070938114,0.02788775358258383
Yellow Subterfuge,toke,SABF04,2013-12-08,25,7,537,10,1,0.0048520135856380394,5.641907070938114,0.027374609757099048
White Christmas Blues,christmas,SABF01,2013-12-15,25,8,538,27,1,0.012272727272727272,1.5988558031035636,0.019622321219907368
Steal This Episode,movie,SABF05,2014-01-05,25,9,539,31,1,0.013820775746767721,1.1039456346434724,0.015257385053030603
Married to the Blob,kumiko,SABF03,2014-01-12,25,10,540,7,1,0.0030224525043177895,5.641907070938114,0.017052396155685146
Specs and the City,valentine,SABF06,2014-01-26,25,11,541,12,1,0.0060882800608828,4.948759890378168,0.030129436166685956
Diggs,diggs,SABF08,2014-03-09,25,12,542,8,1,0.003020007550018875,6.335054251498059,0.019131911669303312
The Man Who Grew Too Much,taco tuesday,SABF07,2014-03-09,25,13,543,6,2,0.00253592561284869,6.335054251498059,0.016065226335159916
The Winter of His Content,clink,SABF09,2014-03-16,25,14,544,4,1,0.0015378700499807767,5.641907070938114,0.008676519909170495
The War of Art,whoa whoa whoa whoa whoa,SABF10,2014-03-23,25,15,545,29,5,0.012736056214317084,4.032469158504013,0.05135775388520702
You Don't Have to Live Like a Referee,the world cup,SABF11,2014-03-30,25,16,546,7,3,0.003680336487907466,6.335054251498059,0.023315131314661626
Luca$,competitive eater,SABF12,2014-04-06,25,17,547,6,2,0.002936857562408223,6.335054251498059,0.01860515198677844
Days of Future Future,zombie,SABF13,2014-04-13,25,18,548,6,1,0.002613240418118467,4.032469158504013,0.01053781138981885
What to Expect When Bart's Expecting,voodoo,SABF14,2014-04-27,25,19,549,9,1,0.0042352941176470585,4.543294782270004,0.019242189666084722
Pay Pal,wallis,SABF15,2014-05-11,25,21,551,4,1,0.0019333011116481392,6.335054251498059,0.012247567426772469
The Yellow Badge of Cowardge,tamp,SABF18,2014-05-18,25,22,552,8,1,0.003840614498319731,5.641907070938114,0.021668390094817528
Clown in the Dumps,jewish heaven,SABF20,2014-09-28,26,1,553,4,2,0.0017452006980802793,6.335054251498059,0.011055941102090855
The Wreck of the Relationship,under under,SABF17,2014-10-05,26,2,554,8,2,0.003766478342749529,6.335054251498059,0.023860844638410768
Super Franchise Me,mother hubbards,SABF19,2014-10-12,26,3,555,5,2,0.0025933609958506223,6.335054251498059,0.016429082602432726
Treehouse of Horror XXV,in out,SABF21,2014-10-19,26,4,556,9,2,0.0036188178528347406,5.641907070938114,0.020417034032345405
Opposites A-Frack,fracking,SABF22,2014-11-02,26,5,557,16,1,0.007839294463498285,5.641907070938114,0.04422857086477698
Simpsorama,bender,SABF16,2014-11-09,26,6,558,11,1,0.005360623781676413,4.725616339063959,0.025332251330264885
Blazed and Confused,lassen,TABF01,2014-11-16,26,7,559,12,1,0.005364327223960662,6.335054251498059,0.033983303986578776
Covercraft,hopin,TABF02,2014-11-23,26,8,560,17,1,0.00681909346169274,4.543294782270004,0.03098115174432012
I Won't Be Home for Christmas,christmas,TABF03,2014-12-07,26,9,561,27,1,0.012206148282097649,1.5988558031035636,0.01951587101437442
The Man Who Came to Be Dinner,are we there yet,RABF15,2015-01-04,26,10,562,15,4,0.00723589001447178,4.543294782270004,0.03287478134782926
Bart's New Friend,doo doo,TABF05,2015-01-11,26,11,563,23,2,0.009575353871773521,4.032469158504013,0.03861231916968872
The Musk Who Fell to Earth,elon,TABF04,2015-01-25,26,12,564,18,1,0.00980392156862745,4.948759890378168,0.04851725382723694
